class	shard
dsh-pm-action-bar	src/client/styles/panel.ts
dsh-pm-action-bar-label	src/client/styles/panel.ts
dsh-pm-action-consequence	src/client/styles/report.ts
dsh-pm-api-list	src/client/styles/files.ts
dsh-pm-api-method	src/client/styles/files.ts
dsh-pm-archive-ack	src/client/styles/base.ts
dsh-pm-archive-docs	src/client/styles/panel.ts
dsh-pm-archive-index	src/client/styles/panel.ts
dsh-pm-archive-merged	src/client/styles/panel.ts
dsh-pm-archive-noack	src/client/styles/base.ts
dsh-pm-archive-reconcile	src/client/styles/base.ts
dsh-pm-archive-unlisted	src/client/styles/base.ts
dsh-pm-archived-bar	src/client/styles/base.ts
dsh-pm-archived-chip	src/client/styles/base.ts
dsh-pm-archived-chips	src/client/styles/base.ts
dsh-pm-archived-count	src/client/styles/base.ts
dsh-pm-archived-fold	src/client/styles/base.ts
dsh-pm-archived-label	src/client/styles/base.ts
dsh-pm-artifact-badge	src/client/styles/board.ts
dsh-pm-artifact-chip	src/client/styles/board.ts
dsh-pm-artifact-chips	src/client/styles/board.ts
dsh-pm-artifact-derived	src/client/styles/board.ts
dsh-pm-artifact-item	src/client/styles/board.ts
dsh-pm-artifact-kind	src/client/styles/board.ts
dsh-pm-artifact-meta	src/client/styles/board.ts
dsh-pm-artifact-missing	src/client/styles/board.ts
dsh-pm-artifact-path	src/client/styles/board.ts
dsh-pm-artifacts-empty	src/client/styles/board.ts
dsh-pm-artifacts-head	src/client/styles/board.ts
dsh-pm-artifacts-list	src/client/styles/board.ts
dsh-pm-artifacts-section	src/client/styles/board.ts
dsh-pm-artifacts-summary	src/client/styles/board.ts
dsh-pm-auto-badge	src/client/styles/subtask.ts
dsh-pm-auto-controls	src/client/styles/subtask.ts
dsh-pm-band-mut	src/client/styles/report.ts
dsh-pm-band-ok	src/client/styles/report.ts
dsh-pm-bar	src/client/styles/token.ts
dsh-pm-block	src/client/styles/base.ts
dsh-pm-block-head	src/client/styles/base.ts
dsh-pm-block-note	src/client/styles/base.ts
dsh-pm-block-path	src/client/styles/base.ts
dsh-pm-block-summary	src/client/styles/base.ts
dsh-pm-block-title	src/client/styles/report.ts
dsh-pm-board	src/client/styles/base.ts
dsh-pm-btn	src/client/styles/base.ts
dsh-pm-by-window	src/client/styles/panel.ts
dsh-pm-callout	src/client/styles/token.ts
dsh-pm-card	src/client/styles/base.ts
dsh-pm-card-actions	src/client/styles/base.ts
dsh-pm-card-bar	src/client/styles/base.ts
dsh-pm-card-bar-fill	src/client/styles/base.ts
dsh-pm-card-id	src/client/styles/base.ts
dsh-pm-card-pct	src/client/styles/base.ts
dsh-pm-card-progress	src/client/styles/base.ts
dsh-pm-card-substat	src/client/styles/subtask.ts
dsh-pm-card-time	src/client/styles/detail.ts
dsh-pm-card-title	src/client/styles/base.ts
dsh-pm-card-top	src/client/styles/base.ts
dsh-pm-cat	src/client/styles/base.ts
dsh-pm-chain-missing	src/client/styles/subtask.ts
dsh-pm-ci-check	src/client/styles/detail.ts
dsh-pm-ci-checks	src/client/styles/detail.ts
dsh-pm-ci-details	src/client/styles/detail.ts
dsh-pm-ci-icon	src/client/styles/detail.ts
dsh-pm-ci-name	src/client/styles/detail.ts
dsh-pm-col-cat	src/client/styles/board.ts
dsh-pm-col-owner	src/client/styles/board.ts
dsh-pm-col-progress	src/client/styles/board.ts
dsh-pm-col-when	src/client/styles/board.ts
dsh-pm-comment	src/client/styles/base.ts
dsh-pm-comment-body	src/client/styles/base.ts
dsh-pm-comment-form	src/client/styles/base.ts
dsh-pm-comment-list	src/client/styles/panel.ts
dsh-pm-comment-meta	src/client/styles/base.ts
dsh-pm-comment-who	src/client/styles/panel.ts
dsh-pm-comments	src/client/styles/base.ts
dsh-pm-common-details	src/client/styles/detail.ts
dsh-pm-common-summary	src/client/styles/detail.ts
dsh-pm-completeness	src/client/styles/files.ts
dsh-pm-completeness-bar	src/client/styles/files.ts
dsh-pm-completeness-detail	src/client/styles/files.ts
dsh-pm-completeness-fill	src/client/styles/files.ts
dsh-pm-completeness-label	src/client/styles/files.ts
dsh-pm-completeness-track	src/client/styles/files.ts
dsh-pm-completeness-value	src/client/styles/files.ts
dsh-pm-component-list	src/client/styles/files.ts
dsh-pm-confirm-artifact	src/client/styles/board.ts
dsh-pm-confirm-banner	src/client/styles/board.ts
dsh-pm-conflict	src/client/styles/detail.ts
dsh-pm-conflict-body	src/client/styles/detail.ts
dsh-pm-conflict-desc	src/client/styles/detail.ts
dsh-pm-conflict-num	src/client/styles/detail.ts
dsh-pm-conflict-resolution	src/client/styles/detail.ts
dsh-pm-conflicts	src/client/styles/detail.ts
dsh-pm-coverage	src/client/styles/detail.ts
dsh-pm-coverage-bar	src/client/styles/detail.ts
dsh-pm-coverage-card	src/client/styles/traceability.ts
dsh-pm-coverage-cards	src/client/styles/traceability.ts
dsh-pm-coverage-danger	src/client/styles/traceability.ts
dsh-pm-coverage-detail	src/client/styles/traceability.ts
dsh-pm-coverage-fill	src/client/styles/detail.ts
dsh-pm-coverage-label	src/client/styles/detail.ts
dsh-pm-coverage-rate	src/client/styles/traceability.ts
dsh-pm-coverage-success	src/client/styles/traceability.ts
dsh-pm-coverage-summary	src/client/styles/traceability.ts
dsh-pm-coverage-title	src/client/styles/traceability.ts
dsh-pm-coverage-track	src/client/styles/detail.ts
dsh-pm-coverage-uncovered	src/client/styles/traceability.ts
dsh-pm-coverage-value	src/client/styles/detail.ts
dsh-pm-coverage-warning	src/client/styles/traceability.ts
dsh-pm-cprog	src/client/styles/board.ts
dsh-pm-cprog-count	src/client/styles/board.ts
dsh-pm-cprog-detail-panel	src/client/styles/board.ts
dsh-pm-cprog-empty	src/client/styles/board.ts
dsh-pm-cprog-foot	src/client/styles/board.ts
dsh-pm-cprog-ico	src/client/styles/board.ts
dsh-pm-cprog-inline	src/client/styles/board.ts
dsh-pm-cprog-inline-count	src/client/styles/board.ts
dsh-pm-cprog-mini	src/client/styles/board.ts
dsh-pm-cprog-name	src/client/styles/board.ts
dsh-pm-cprog-panel	src/client/styles/board.ts
dsh-pm-cprog-panel-head	src/client/styles/board.ts
dsh-pm-cprog-panel-note	src/client/styles/board.ts
dsh-pm-cprog-panel-sub	src/client/styles/board.ts
dsh-pm-cprog-panel-title	src/client/styles/board.ts
dsh-pm-cprog-sec	src/client/styles/board.ts
dsh-pm-cprog-stage-detail	src/client/styles/panel.ts
dsh-pm-cprog-task	src/client/styles/board.ts
dsh-pm-cprog-task-body	src/client/styles/board.ts
dsh-pm-cprog-task-ico	src/client/styles/board.ts
dsh-pm-cprog-task-meta	src/client/styles/board.ts
dsh-pm-cprog-task-title	src/client/styles/board.ts
dsh-pm-cprog-tl	src/client/styles/board.ts
dsh-pm-cprog-tl-row	src/client/styles/board.ts
dsh-pm-cprog-tl-text	src/client/styles/board.ts
dsh-pm-cprog-tl-time	src/client/styles/board.ts
dsh-pm-cprog-token-ico	src/client/styles/board.ts
dsh-pm-cprog-token-total	src/client/styles/board.ts
dsh-pm-cprog-trigger	src/client/styles/board.ts
dsh-pm-dag	src/client/styles/base.ts
dsh-pm-dag-	src/client/styles/dag.ts
dsh-pm-dag-btn	src/client/styles/dag.ts
dsh-pm-dag-canvas	src/client/styles/dag.ts
dsh-pm-dag-canvas-wrap	src/client/styles/dag.ts
dsh-pm-dag-head	src/client/styles/dag.ts
dsh-pm-dag-layer	src/client/styles/base.ts
dsh-pm-dag-layer-label	src/client/styles/base.ts
dsh-pm-dag-layers	src/client/styles/base.ts
dsh-pm-dag-legend	src/client/styles/dag.ts
dsh-pm-dag-node	src/client/styles/base.ts
dsh-pm-dag-node-id	src/client/styles/base.ts
dsh-pm-dag-node-tags	src/client/styles/base.ts
dsh-pm-dag-node-title	src/client/styles/base.ts
dsh-pm-dag-panel	src/client/styles/dag.ts
dsh-pm-dag-seg	src/client/styles/dag.ts
dsh-pm-dag-sub	src/client/styles/dag.ts
dsh-pm-dag-summary	src/client/styles/report.ts
dsh-pm-dag-title	src/client/styles/base.ts
dsh-pm-design-list	src/client/styles/files.ts
dsh-pm-detail	src/client/styles/base.ts
dsh-pm-detail-desc	src/client/styles/base.ts
dsh-pm-detail-head	src/client/styles/base.ts
dsh-pm-detail-section	src/client/styles/base.ts
dsh-pm-detail-title	src/client/styles/base.ts
dsh-pm-detail-updated	src/client/styles/base.ts
dsh-pm-dialogue	src/client/styles/report.ts
dsh-pm-dialogue-hit	src/client/styles/report.ts
dsh-pm-dialogue-hits	src/client/styles/report.ts
dsh-pm-dialogue-list	src/client/styles/report.ts
dsh-pm-dialogue-more	src/client/styles/report.ts
dsh-pm-dialogue-more-note	src/client/styles/report.ts
dsh-pm-dialogue-note	src/client/styles/report.ts
dsh-pm-dialogue-reply	src/client/styles/report.ts
dsh-pm-dialogue-scope	src/client/styles/report.ts
dsh-pm-dialogue-search	src/client/styles/report.ts
dsh-pm-doc-cell-kind	src/client/styles/report.ts
dsh-pm-doc-cell-path	src/client/styles/report.ts
dsh-pm-doc-cell-state	src/client/styles/report.ts
dsh-pm-doc-cell-time	src/client/styles/report.ts
dsh-pm-doc-generated	src/client/styles/report.ts
dsh-pm-doc-group	src/client/styles/base.ts
dsh-pm-doc-icon	src/client/styles/files.ts
dsh-pm-doc-kind	src/client/styles/base.ts
dsh-pm-doc-label	src/client/styles/files.ts
dsh-pm-doc-link	src/client/styles/board.ts
dsh-pm-doc-list	src/client/styles/base.ts
dsh-pm-doc-missing	src/client/styles/panel.ts
dsh-pm-doc-path	src/client/styles/files.ts
dsh-pm-doc-row	src/client/styles/report.ts
dsh-pm-doc-state	src/client/styles/report.ts
dsh-pm-docs	src/client/styles/report.ts
dsh-pm-docs-table	src/client/styles/report.ts
dsh-pm-dot	src/client/styles/files.ts
dsh-pm-dot-label	src/client/styles/files.ts
dsh-pm-dot-wrapper	src/client/styles/files.ts
dsh-pm-empty	src/client/styles/base.ts
dsh-pm-empty-hint	src/client/styles/traceability.ts
dsh-pm-empty-icon	src/client/styles/traceability.ts
dsh-pm-empty-text	src/client/styles/traceability.ts
dsh-pm-error	src/client/styles/base.ts
dsh-pm-error-hint	src/client/styles/base.ts
dsh-pm-error-hint-label	src/client/styles/base.ts
dsh-pm-evidence	src/client/styles/base.ts
dsh-pm-evidence-missing	src/client/styles/report.ts
dsh-pm-exec	src/client/styles/base.ts
dsh-pm-exec-brief	src/client/styles/detail.ts
dsh-pm-exec-error	src/client/styles/base.ts
dsh-pm-exec-evidence	src/client/styles/base.ts
dsh-pm-exec-outcome	src/client/styles/base.ts
dsh-pm-fact	src/client/styles/report.ts
dsh-pm-fact-evid	src/client/styles/report.ts
dsh-pm-fact-label	src/client/styles/report.ts
dsh-pm-fact-value	src/client/styles/report.ts
dsh-pm-file-change	src/client/styles/detail.ts
dsh-pm-file-path	src/client/styles/detail.ts
dsh-pm-file-stats	src/client/styles/detail.ts
dsh-pm-file-summary	src/client/styles/detail.ts
dsh-pm-flag	src/client/styles/base.ts
dsh-pm-flow	src/client/styles/board.ts
dsh-pm-flow-dot	src/client/styles/board.ts
dsh-pm-flow-label	src/client/styles/board.ts
dsh-pm-flow-link	src/client/styles/board.ts
dsh-pm-flow-meta	src/client/styles/board.ts
dsh-pm-flow-node	src/client/styles/board.ts
dsh-pm-flow-token	src/client/styles/board.ts
dsh-pm-fold	src/client/styles/files.ts
dsh-pm-fold-body	src/client/styles/files.ts
dsh-pm-fold-count	src/client/styles/files.ts
dsh-pm-gantt	src/client/styles/detail.ts
dsh-pm-gantt-axis	src/client/styles/detail.ts
dsh-pm-gantt-bar	src/client/styles/detail.ts
dsh-pm-gantt-grid	src/client/styles/detail.ts
dsh-pm-gantt-legend	src/client/styles/detail.ts
dsh-pm-gantt-legend-item	src/client/styles/detail.ts
dsh-pm-gantt-mile	src/client/styles/detail.ts
dsh-pm-gantt-now	src/client/styles/detail.ts
dsh-pm-gantt-rowlabel	src/client/styles/detail.ts
dsh-pm-gantt-track	src/client/styles/detail.ts
dsh-pm-gantt-wrap	src/client/styles/detail.ts
dsh-pm-gap-line	src/client/styles/report.ts
dsh-pm-gap-more	src/client/styles/report.ts
dsh-pm-gap-ref	src/client/styles/report.ts
dsh-pm-gap-what	src/client/styles/report.ts
dsh-pm-gap-why	src/client/styles/report.ts
dsh-pm-gate	src/client/styles/base.ts
dsh-pm-head	src/client/styles/base.ts
dsh-pm-hint	src/client/styles/base.ts
dsh-pm-hl	src/client/styles/report.ts
dsh-pm-hl-diff	src/client/styles/report.ts
dsh-pm-hl-evid	src/client/styles/report.ts
dsh-pm-hl-list	src/client/styles/report.ts
dsh-pm-hl-missing	src/client/styles/report.ts
dsh-pm-hl-why	src/client/styles/report.ts
dsh-pm-human-only	src/client/styles/report.ts
dsh-pm-impact-bar	src/client/styles/token.ts
dsh-pm-impact-name	src/client/styles/token.ts
dsh-pm-impact-row	src/client/styles/token.ts
dsh-pm-impact-val	src/client/styles/token.ts
dsh-pm-inj	src/client/styles/report.ts
dsh-pm-inj-body	src/client/styles/report.ts
dsh-pm-inj-line	src/client/styles/report.ts
dsh-pm-inj-meta	src/client/styles/report.ts
dsh-pm-inj-verdict	src/client/styles/report.ts
dsh-pm-input	src/client/styles/base.ts
dsh-pm-iso	src/client/styles/report.ts
dsh-pm-iso-meta	src/client/styles/report.ts
dsh-pm-iso-reason	src/client/styles/report.ts
dsh-pm-iso-status	src/client/styles/report.ts
dsh-pm-kv	src/client/styles/base.ts
dsh-pm-lane	src/client/styles/base.ts
dsh-pm-lane-cards	src/client/styles/base.ts
dsh-pm-lane-count	src/client/styles/base.ts
dsh-pm-lane-dot	src/client/styles/base.ts
dsh-pm-lane-head	src/client/styles/base.ts
dsh-pm-lane-title	src/client/styles/base.ts
dsh-pm-lanes	src/client/styles/base.ts
dsh-pm-link	src/client/styles/base.ts
dsh-pm-list	src/client/styles/files.ts
dsh-pm-list-actions	src/client/styles/board.ts
dsh-pm-list-archived-note	src/client/styles/panel.ts
dsh-pm-list-card	src/client/styles/files.ts
dsh-pm-list-count	src/client/styles/files.ts
dsh-pm-list-empty	src/client/styles/files.ts
dsh-pm-list-grouphead	src/client/styles/board.ts
dsh-pm-list-meta	src/client/styles/files.ts
dsh-pm-list-nowindow	src/client/styles/files.ts
dsh-pm-list-pct	src/client/styles/files.ts
dsh-pm-list-progress	src/client/styles/board.ts
dsh-pm-list-row	src/client/styles/board.ts
dsh-pm-list-seg	src/client/styles/files.ts
dsh-pm-list-seps	src/client/styles/files.ts
dsh-pm-list-strip	src/client/styles/files.ts
dsh-pm-list-strip-empty	src/client/styles/files.ts
dsh-pm-list-title	src/client/styles/board.ts
dsh-pm-list-toolbar	src/client/styles/files.ts
dsh-pm-list-toolbar-gap	src/client/styles/files.ts
dsh-pm-list-toolbar-label	src/client/styles/files.ts
dsh-pm-list-top	src/client/styles/files.ts
dsh-pm-list-when	src/client/styles/files.ts
dsh-pm-list-window-label	src/client/styles/files.ts
dsh-pm-manual-chip	src/client/styles/subtask.ts
dsh-pm-md	src/client/styles/panel.ts
dsh-pm-merge-arrow	src/client/styles/detail.ts
dsh-pm-merge-branch	src/client/styles/detail.ts
dsh-pm-merge-header	src/client/styles/detail.ts
dsh-pm-merge-status	src/client/styles/detail.ts
dsh-pm-mk-alert	src/client/styles/marks.ts
dsh-pm-mk-by	src/client/styles/marks.ts
dsh-pm-mk-done	src/client/styles/marks.ts
dsh-pm-mk-id	src/client/styles/marks.ts
dsh-pm-mk-received	src/client/styles/marks.ts
dsh-pm-mk-row	src/client/styles/marks.ts
dsh-pm-mk-skipped	src/client/styles/marks.ts
dsh-pm-mk-sum	src/client/styles/marks.ts
dsh-pm-mk-table	src/client/styles/marks.ts
dsh-pm-mk-unreceived	src/client/styles/marks.ts
dsh-pm-msg	src/client/styles/report.ts
dsh-pm-msg--agent	src/client/styles/report.ts
dsh-pm-msg--human	src/client/styles/report.ts
dsh-pm-msg--system	src/client/styles/report.ts
dsh-pm-msg-actor	src/client/styles/report.ts
dsh-pm-msg-head	src/client/styles/report.ts
dsh-pm-msg-inferred	src/client/styles/report.ts
dsh-pm-msg-meta	src/client/styles/report.ts
dsh-pm-msg-system-text	src/client/styles/report.ts
dsh-pm-msg-text	src/client/styles/report.ts
dsh-pm-msg-time	src/client/styles/report.ts
dsh-pm-msg-window	src/client/styles/report.ts
dsh-pm-muted	src/client/styles/report.ts
dsh-pm-node-badge	src/client/styles/detail.ts
dsh-pm-nosnap	src/client/styles/token.ts
dsh-pm-note	src/client/styles/token.ts
dsh-pm-np	src/client/styles/node-panel.ts
dsh-pm-np-act	src/client/styles/node-panel.ts
dsh-pm-np-act-ev	src/client/styles/node-panel.ts
dsh-pm-np-act-label	src/client/styles/node-panel.ts
dsh-pm-np-act-mark	src/client/styles/node-panel.ts
dsh-pm-np-archive-badge	src/client/styles/node-panel.ts
dsh-pm-np-board-entry	src/client/styles/node-panel.ts
dsh-pm-np-build-notice	src/client/styles/node-panel.ts
dsh-pm-np-card	src/client/styles/node-panel.ts
dsh-pm-np-card-id	src/client/styles/node-panel.ts
dsh-pm-np-card-title	src/client/styles/node-panel.ts
dsh-pm-np-chain-missing	src/client/styles/node-panel.ts
dsh-pm-np-close	src/client/styles/node-panel.ts
dsh-pm-np-col	src/client/styles/node-panel.ts
dsh-pm-np-col-body	src/client/styles/node-panel.ts
dsh-pm-np-col-count	src/client/styles/node-panel.ts
dsh-pm-np-col-head	src/client/styles/node-panel.ts
dsh-pm-np-cols	src/client/styles/node-panel.ts
dsh-pm-np-conclusion	src/client/styles/node-panel.ts
dsh-pm-np-dag	src/client/styles/node-panel.ts
dsh-pm-np-dag-label	src/client/styles/node-panel.ts
dsh-pm-np-dag-layer	src/client/styles/node-panel.ts
dsh-pm-np-dag-node	src/client/styles/node-panel.ts
dsh-pm-np-dag-row	src/client/styles/node-panel.ts
dsh-pm-np-designdoc	src/client/styles/node-panel.ts
dsh-pm-np-doc	src/client/styles/node-panel.ts
dsh-pm-np-docitem	src/client/styles/node-panel.ts
dsh-pm-np-docitem-arrow	src/client/styles/node-panel.ts
dsh-pm-np-docitem-icon	src/client/styles/node-panel.ts
dsh-pm-np-docitem-name	src/client/styles/node-panel.ts
dsh-pm-np-doclist	src/client/styles/node-panel.ts
dsh-pm-np-empty	src/client/styles/node-panel.ts
dsh-pm-np-entry-err	src/client/styles/node-panel.ts
dsh-pm-np-fold	src/client/styles/node-panel.ts
dsh-pm-np-fold-body	src/client/styles/node-panel.ts
dsh-pm-np-fold-icon	src/client/styles/node-panel.ts
dsh-pm-np-fold-text	src/client/styles/node-panel.ts
dsh-pm-np-fresh	src/client/styles/node-panel.ts
dsh-pm-np-fresh-err	src/client/styles/node-panel.ts
dsh-pm-np-head	src/client/styles/node-panel.ts
dsh-pm-np-head-state	src/client/styles/node-panel.ts
dsh-pm-np-head-time	src/client/styles/node-panel.ts
dsh-pm-np-head-title	src/client/styles/node-panel.ts
dsh-pm-np-info	src/client/styles/node-panel.ts
dsh-pm-np-info-label	src/client/styles/node-panel.ts
dsh-pm-np-info-value	src/client/styles/node-panel.ts
dsh-pm-np-inj-entry	src/client/styles/node-panel.ts
dsh-pm-np-inj-frags	src/client/styles/node-panel.ts
dsh-pm-np-inj-meta	src/client/styles/node-panel.ts
dsh-pm-np-inj-tpl	src/client/styles/node-panel.ts
dsh-pm-np-iso	src/client/styles/node-panel.ts
dsh-pm-np-iso-meta	src/client/styles/node-panel.ts
dsh-pm-np-iso-reason	src/client/styles/node-panel.ts
dsh-pm-np-iso-status	src/client/styles/node-panel.ts
dsh-pm-np-nodoc	src/client/styles/node-panel.ts
dsh-pm-np-pane	src/client/styles/node-panel.ts
dsh-pm-np-pane-caption	src/client/styles/node-panel.ts
dsh-pm-np-policy	src/client/styles/node-panel.ts
dsh-pm-np-req	src/client/styles/node-panel.ts
dsh-pm-np-req-pill	src/client/styles/node-panel.ts
dsh-pm-np-req-title	src/client/styles/node-panel.ts
dsh-pm-np-sec	src/client/styles/node-panel.ts
dsh-pm-np-sec-label	src/client/styles/node-panel.ts
dsh-pm-np-sec-title	src/client/styles/node-panel.ts
dsh-pm-np-shell	src/client/styles/node-panel.ts
dsh-pm-np-stat	src/client/styles/node-panel.ts
dsh-pm-np-stats	src/client/styles/node-panel.ts
dsh-pm-np-tab	src/client/styles/node-panel.ts
dsh-pm-np-tabs	src/client/styles/node-panel.ts
dsh-pm-np-tag	src/client/styles/node-panel.ts
dsh-pm-opt	src/client/styles/report.ts
dsh-pm-opt-basis	src/client/styles/report.ts
dsh-pm-opt-list	src/client/styles/report.ts
dsh-pm-opt-sug	src/client/styles/report.ts
dsh-pm-opt-title	src/client/styles/report.ts
dsh-pm-option	src/client/styles/files.ts
dsh-pm-option-name	src/client/styles/files.ts
dsh-pm-option-score	src/client/styles/files.ts
dsh-pm-options	src/client/styles/files.ts
dsh-pm-outcome-counts	src/client/styles/report.ts
dsh-pm-outcome-leftover	src/client/styles/report.ts
dsh-pm-outcome-leftover-title	src/client/styles/report.ts
dsh-pm-outcome-verdict	src/client/styles/report.ts
dsh-pm-pager	src/client/styles/files.ts
dsh-pm-pagesize	src/client/styles/files.ts
dsh-pm-phase	src/client/styles/base.ts
dsh-pm-plan	src/client/styles/detail.ts
dsh-pm-plan-accept	src/client/styles/detail.ts
dsh-pm-plan-badge	src/client/styles/panel.ts
dsh-pm-plan-head	src/client/styles/detail.ts
dsh-pm-plan-key	src/client/styles/detail.ts
dsh-pm-plan-meta	src/client/styles/detail.ts
dsh-pm-plan-path	src/client/styles/detail.ts
dsh-pm-plan-reason	src/client/styles/detail.ts
dsh-pm-plan-status	src/client/styles/detail.ts
dsh-pm-plan-summary	src/client/styles/detail.ts
dsh-pm-plan-task	src/client/styles/detail.ts
dsh-pm-plan-tasks	src/client/styles/detail.ts
dsh-pm-plan-time	src/client/styles/panel.ts
dsh-pm-plan-title	src/client/styles/detail.ts
dsh-pm-pp-h	src/client/styles/report.ts
dsh-pm-pp-h-note	src/client/styles/report.ts
dsh-pm-pp-sec	src/client/styles/report.ts
dsh-pm-progress-bar	src/client/styles/files.ts
dsh-pm-progress-dots	src/client/styles/base.ts
dsh-pm-progress-fill	src/client/styles/files.ts
dsh-pm-progress-pct	src/client/styles/files.ts
dsh-pm-progress-text	src/client/styles/files.ts
dsh-pm-prompt	src/client/styles/token.ts
dsh-pm-prompt-meta	src/client/styles/token.ts
dsh-pm-prompt-name	src/client/styles/token.ts
dsh-pm-prompt-pre	src/client/styles/report.ts
dsh-pm-prompt-text	src/client/styles/token.ts
dsh-pm-prompts	src/client/styles/report.ts
dsh-pm-recommendation	src/client/styles/files.ts
dsh-pm-recommendation-title	src/client/styles/files.ts
dsh-pm-reference-list	src/client/styles/files.ts
dsh-pm-report-action	src/client/styles/report.ts
dsh-pm-report-actions	src/client/styles/report.ts
dsh-pm-report-band-body	src/client/styles/report.ts
dsh-pm-report-dag	src/client/styles/report.ts
dsh-pm-report-evidence	src/client/styles/report.ts
dsh-pm-report-meta	src/client/styles/report.ts
dsh-pm-report-next	src/client/styles/report.ts
dsh-pm-report-sec-title	src/client/styles/report.ts
dsh-pm-report-step	src/client/styles/report.ts
dsh-pm-report-step-error	src/client/styles/report.ts
dsh-pm-report-step-outcome	src/client/styles/report.ts
dsh-pm-report-step-summary	src/client/styles/report.ts
dsh-pm-report-step-title	src/client/styles/report.ts
dsh-pm-report-table	src/client/styles/report.ts
dsh-pm-report-verdict	src/client/styles/report.ts
dsh-pm-report-windows	src/client/styles/report.ts
dsh-pm-report-zero	src/client/styles/report.ts
dsh-pm-req-progress	src/client/styles/files.ts
dsh-pm-rev	src/client/styles/base.ts
dsh-pm-review	src/client/styles/base.ts
dsh-pm-review-list	src/client/styles/detail.ts
dsh-pm-review-pass	src/client/styles/detail.ts
dsh-pm-review-status	src/client/styles/detail.ts
dsh-pm-risk-list	src/client/styles/files.ts
dsh-pm-running	src/client/styles/board.ts
dsh-pm-running-arc	src/client/styles/board.ts
dsh-pm-running-svg	src/client/styles/board.ts
dsh-pm-running-track	src/client/styles/board.ts
dsh-pm-section	src/client/styles/board.ts
dsh-pm-section-content	src/client/styles/board.ts
dsh-pm-section-head	src/client/styles/detail.ts
dsh-pm-section-title	src/client/styles/board.ts
dsh-pm-session	src/client/styles/base.ts
dsh-pm-set-actions	src/client/styles/settings.ts
dsh-pm-set-agent	src/client/styles/settings.ts
dsh-pm-set-agent-actions	src/client/styles/settings.ts
dsh-pm-set-agent-dot	src/client/styles/settings.ts
dsh-pm-set-agent-head	src/client/styles/settings.ts
dsh-pm-set-agent-hint	src/client/styles/settings.ts
dsh-pm-set-badge	src/client/styles/settings.ts
dsh-pm-set-body	src/client/styles/settings.ts
dsh-pm-set-card	src/client/styles/settings.ts
dsh-pm-set-close	src/client/styles/settings.ts
dsh-pm-set-cmd	src/client/styles/settings.ts
dsh-pm-set-confirm	src/client/styles/settings.ts
dsh-pm-set-dlg	src/client/styles/settings.ts
dsh-pm-set-dot	src/client/styles/settings.ts
dsh-pm-set-empty	src/client/styles/settings.ts
dsh-pm-set-grp	src/client/styles/settings.ts
dsh-pm-set-grp-body	src/client/styles/settings.ts
dsh-pm-set-grp-sub	src/client/styles/settings.ts
dsh-pm-set-grp-title	src/client/styles/settings.ts
dsh-pm-set-h3	src/client/styles/settings.ts
dsh-pm-set-h4	src/client/styles/settings.ts
dsh-pm-set-head	src/client/styles/settings.ts
dsh-pm-set-head-note	src/client/styles/settings.ts
dsh-pm-set-health	src/client/styles/settings.ts
dsh-pm-set-hint	src/client/styles/settings.ts
dsh-pm-set-hint-strong	src/client/styles/settings.ts
dsh-pm-set-host	src/client/styles/settings.ts
dsh-pm-set-impacts	src/client/styles/settings.ts
dsh-pm-set-input	src/client/styles/settings.ts
dsh-pm-set-kv	src/client/styles/settings.ts
dsh-pm-set-kv-k	src/client/styles/settings.ts
dsh-pm-set-kv-note	src/client/styles/settings.ts
dsh-pm-set-kv-row	src/client/styles/settings.ts
dsh-pm-set-kv-v	src/client/styles/settings.ts
dsh-pm-set-limit-default	src/client/styles/settings.ts
dsh-pm-set-limit-err	src/client/styles/settings.ts
dsh-pm-set-limit-input	src/client/styles/settings.ts
dsh-pm-set-limit-key	src/client/styles/settings.ts
dsh-pm-set-limit-manual	src/client/styles/settings.ts
dsh-pm-set-limit-name	src/client/styles/settings.ts
dsh-pm-set-limit-row	src/client/styles/settings.ts
dsh-pm-set-main	src/client/styles/settings.ts
dsh-pm-set-manual	src/client/styles/settings.ts
dsh-pm-set-mask	src/client/styles/settings.ts
dsh-pm-set-mono	src/client/styles/settings.ts
dsh-pm-set-muted	src/client/styles/settings.ts
dsh-pm-set-nav	src/client/styles/settings.ts
dsh-pm-set-nav-icon	src/client/styles/settings.ts
dsh-pm-set-nav-item	src/client/styles/settings.ts
dsh-pm-set-nav-label	src/client/styles/settings.ts
dsh-pm-set-nav-sub	src/client/styles/settings.ts
dsh-pm-set-node-cell	src/client/styles/settings.ts
dsh-pm-set-node-name	src/client/styles/settings.ts
dsh-pm-set-node-sub	src/client/styles/settings.ts
dsh-pm-set-node-text	src/client/styles/settings.ts
dsh-pm-set-notice	src/client/styles/settings.ts
dsh-pm-set-pane	src/client/styles/settings.ts
dsh-pm-set-pane-sub	src/client/styles/settings.ts
dsh-pm-set-pane-title	src/client/styles/settings.ts
dsh-pm-set-pathedit	src/client/styles/settings.ts
dsh-pm-set-pathedit-body	src/client/styles/settings.ts
dsh-pm-set-placeholder	src/client/styles/settings.ts
dsh-pm-set-red	src/client/styles/settings.ts
dsh-pm-set-red-inline	src/client/styles/settings.ts
dsh-pm-set-savebar	src/client/styles/settings.ts
dsh-pm-set-savebar-text	src/client/styles/settings.ts
dsh-pm-set-sec	src/client/styles/settings.ts
dsh-pm-set-sec-title	src/client/styles/settings.ts
dsh-pm-set-seg	src/client/styles/settings.ts
dsh-pm-set-seg-item	src/client/styles/settings.ts
dsh-pm-set-spacer	src/client/styles/settings.ts
dsh-pm-set-status	src/client/styles/settings.ts
dsh-pm-set-step-mark	src/client/styles/settings.ts
dsh-pm-set-step-note	src/client/styles/settings.ts
dsh-pm-set-steps	src/client/styles/settings.ts
dsh-pm-set-table	src/client/styles/settings.ts
dsh-pm-set-tag	src/client/styles/settings.ts
dsh-pm-set-title	src/client/styles/settings.ts
dsh-pm-set-tl	src/client/styles/settings.ts
dsh-pm-set-tl-by	src/client/styles/settings.ts
dsh-pm-set-tl-item	src/client/styles/settings.ts
dsh-pm-set-tl-line	src/client/styles/settings.ts
dsh-pm-set-tl-time	src/client/styles/settings.ts
dsh-pm-set-tl-title	src/client/styles/settings.ts
dsh-pm-set-ver	src/client/styles/settings.ts
dsh-pm-set-warn	src/client/styles/settings.ts
dsh-pm-severity-badge	src/client/styles/detail.ts
dsh-pm-side	src/client/styles/base.ts
dsh-pm-sn	src/client/styles/panel.ts
dsh-pm-sn-body	src/client/styles/board.ts
dsh-pm-sn-clamp	src/client/styles/panel.ts
dsh-pm-sn-comment	src/client/styles/panel.ts
dsh-pm-sn-comment-text	src/client/styles/panel.ts
dsh-pm-sn-comment-who	src/client/styles/panel.ts
dsh-pm-sn-dag-label	src/client/styles/panel.ts
dsh-pm-sn-dag-layer	src/client/styles/panel.ts
dsh-pm-sn-dag-task	src/client/styles/panel.ts
dsh-pm-sn-dim	src/client/styles/panel.ts
dsh-pm-sn-doc	src/client/styles/panel.ts
dsh-pm-sn-empty	src/client/styles/panel.ts
dsh-pm-sn-glyph	src/client/styles/panel.ts
dsh-pm-sn-group	src/client/styles/panel.ts
dsh-pm-sn-group-label	src/client/styles/panel.ts
dsh-pm-sn-head	src/client/styles/panel.ts
dsh-pm-sn-label	src/client/styles/panel.ts
dsh-pm-sn-line	src/client/styles/panel.ts
dsh-pm-sn-req-title	src/client/styles/panel.ts
dsh-pm-sn-task	src/client/styles/panel.ts
dsh-pm-sn-task-glyph	src/client/styles/panel.ts
dsh-pm-sn-task-id	src/client/styles/panel.ts
dsh-pm-sn-task-line1	src/client/styles/panel.ts
dsh-pm-sn-task-line2	src/client/styles/panel.ts
dsh-pm-sn-task-meta	src/client/styles/panel.ts
dsh-pm-sn-task-title	src/client/styles/panel.ts
dsh-pm-sn-text	src/client/styles/panel.ts
dsh-pm-sn-time	src/client/styles/panel.ts
dsh-pm-sn-time2	src/client/styles/panel.ts
dsh-pm-sn-title	src/client/styles/panel.ts
dsh-pm-sn-warn	src/client/styles/panel.ts
dsh-pm-sn-who	src/client/styles/panel.ts
dsh-pm-sortbtn	src/client/styles/files.ts
dsh-pm-specialized	src/client/styles/detail.ts
dsh-pm-specvs	src/client/styles/report.ts
dsh-pm-src	src/client/styles/report.ts
dsh-pm-stage-badge	src/client/styles/subtask.ts
dsh-pm-stage-body-title	src/client/styles/board.ts
dsh-pm-stage-category	src/client/styles/board.ts
dsh-pm-stage-comments	src/client/styles/board.ts
dsh-pm-stage-current	src/client/styles/board.ts
dsh-pm-stage-current-title	src/client/styles/board.ts
dsh-pm-stage-desc	src/client/styles/board.ts
dsh-pm-stage-detail	src/client/styles/panel.ts
dsh-pm-stage-detail-container	src/client/styles/panel.ts
dsh-pm-stage-field	src/client/styles/board.ts
dsh-pm-stage-label	src/client/styles/board.ts
dsh-pm-stage-meta	src/client/styles/board.ts
dsh-pm-stage-nav	src/client/styles/panel.ts
dsh-pm-stage-nav-btn	src/client/styles/panel.ts
dsh-pm-stage-panel	src/client/styles/board.ts
dsh-pm-stage-panel-head	src/client/styles/board.ts
dsh-pm-stage-skipped-badge	src/client/styles/board.ts
dsh-pm-stage-tasks	src/client/styles/board.ts
dsh-pm-stat	src/client/styles/board.ts
dsh-pm-stat-add	src/client/styles/detail.ts
dsh-pm-stat-del	src/client/styles/detail.ts
dsh-pm-stat-error	src/client/styles/detail.ts
dsh-pm-stat-label	src/client/styles/board.ts
dsh-pm-stat-success	src/client/styles/board.ts
dsh-pm-stat-value	src/client/styles/board.ts
dsh-pm-stats	src/client/styles/board.ts
dsh-pm-status	src/client/styles/base.ts
dsh-pm-status-badge	src/client/styles/files.ts
dsh-pm-strip	src/client/styles/detail.ts
dsh-pm-strip-arrow	src/client/styles/detail.ts
dsh-pm-strip-item	src/client/styles/detail.ts
dsh-pm-subcount	src/client/styles/subtask.ts
dsh-pm-subtask	src/client/styles/subtask.ts
dsh-pm-subtask-attempt	src/client/styles/subtask.ts
dsh-pm-subtask-status	src/client/styles/subtask.ts
dsh-pm-subtask-title	src/client/styles/subtask.ts
dsh-pm-subtasks	src/client/styles/subtask.ts
dsh-pm-suggestion	src/client/styles/detail.ts
dsh-pm-suggestion-body	src/client/styles/detail.ts
dsh-pm-suggestion-head	src/client/styles/detail.ts
dsh-pm-suggestion-num	src/client/styles/detail.ts
dsh-pm-suggestions	src/client/styles/detail.ts
dsh-pm-sum	src/client/styles/token.ts
dsh-pm-sv-col	src/client/styles/report.ts
dsh-pm-sv-diff	src/client/styles/report.ts
dsh-pm-sv-frags	src/client/styles/report.ts
dsh-pm-sv-h	src/client/styles/report.ts
dsh-pm-sv-list	src/client/styles/report.ts
dsh-pm-sv-trimmed	src/client/styles/report.ts
dsh-pm-tab	src/client/styles/files.ts
dsh-pm-tab-content	src/client/styles/board.ts
dsh-pm-tab-icon	src/client/styles/report.ts
dsh-pm-tab-panel	src/client/styles/report.ts
dsh-pm-table	src/client/styles/board.ts
dsh-pm-table-wrap	src/client/styles/board.ts
dsh-pm-tabs	src/client/styles/files.ts
dsh-pm-task	src/client/styles/base.ts
dsh-pm-task-claimed	src/client/styles/panel.ts
dsh-pm-task-exec	src/client/styles/panel.ts
dsh-pm-task-exec-list	src/client/styles/panel.ts
dsh-pm-task-link	src/client/styles/detail.ts
dsh-pm-task-meta	src/client/styles/base.ts
dsh-pm-task-ref	src/client/styles/panel.ts
dsh-pm-task-ref-id	src/client/styles/panel.ts
dsh-pm-task-ref-list	src/client/styles/panel.ts
dsh-pm-task-ref-status	src/client/styles/panel.ts
dsh-pm-task-ref-title	src/client/styles/panel.ts
dsh-pm-task-status	src/client/styles/base.ts
dsh-pm-task-table	src/client/styles/base.ts
dsh-pm-task-title	src/client/styles/base.ts
dsh-pm-taskcol	src/client/styles/base.ts
dsh-pm-taskcol-head	src/client/styles/base.ts
dsh-pm-taskcols	src/client/styles/base.ts
dsh-pm-taskdetail	src/client/styles/base.ts
dsh-pm-tasks-group	src/client/styles/detail.ts
dsh-pm-tasks-group-head	src/client/styles/detail.ts
dsh-pm-tasks-group-title	src/client/styles/detail.ts
dsh-pm-tasks-page	src/client/styles/detail.ts
dsh-pm-td-progress	src/client/styles/board.ts
dsh-pm-td-title	src/client/styles/board.ts
dsh-pm-tdeps	src/client/styles/detail.ts
dsh-pm-test-fail	src/client/styles/detail.ts
dsh-pm-test-fail-detail	src/client/styles/detail.ts
dsh-pm-test-fail-name	src/client/styles/detail.ts
dsh-pm-tid	src/client/styles/detail.ts
dsh-pm-timeline	src/client/styles/detail.ts
dsh-pm-timeline-actor	src/client/styles/panel.ts
dsh-pm-timeline-empty	src/client/styles/panel.ts
dsh-pm-timeline-inferred	src/client/styles/panel.ts
dsh-pm-timeline-item	src/client/styles/panel.ts
dsh-pm-timeline-list	src/client/styles/panel.ts
dsh-pm-timeline-reason	src/client/styles/panel.ts
dsh-pm-timeline-time	src/client/styles/panel.ts
dsh-pm-title	src/client/styles/base.ts
dsh-pm-title-sm	src/client/styles/base.ts
dsh-pm-tl-by	src/client/styles/detail.ts
dsh-pm-tl-dur	src/client/styles/detail.ts
dsh-pm-tl-inferred	src/client/styles/detail.ts
dsh-pm-tl-label	src/client/styles/detail.ts
dsh-pm-tl-row	src/client/styles/detail.ts
dsh-pm-tl-time	src/client/styles/detail.ts
dsh-pm-tl-total	src/client/styles/detail.ts
dsh-pm-tok-avail	src/client/styles/report.ts
dsh-pm-tok-h	src/client/styles/report.ts
dsh-pm-tok-h-note	src/client/styles/report.ts
dsh-pm-tok-more	src/client/styles/token.ts
dsh-pm-tok-node	src/client/styles/token.ts
dsh-pm-tok-sub	src/client/styles/token.ts
dsh-pm-tok-sub-num	src/client/styles/token.ts
dsh-pm-tok-table	src/client/styles/report.ts
dsh-pm-tok-total	src/client/styles/report.ts
dsh-pm-token-badge	src/client/styles/token.ts
dsh-pm-token-panel	src/client/styles/report.ts
dsh-pm-trace-arrow	src/client/styles/panel.ts
dsh-pm-trace-cell	src/client/styles/traceability.ts
dsh-pm-trace-chain	src/client/styles/panel.ts
dsh-pm-trace-column	src/client/styles/traceability.ts
dsh-pm-trace-column-header	src/client/styles/traceability.ts
dsh-pm-trace-columns	src/client/styles/traceability.ts
dsh-pm-trace-from	src/client/styles/traceability.ts
dsh-pm-trace-hint	src/client/styles/traceability.ts
dsh-pm-trace-label	src/client/styles/panel.ts
dsh-pm-trace-node	src/client/styles/panel.ts
dsh-pm-trace-node-id	src/client/styles/traceability.ts
dsh-pm-trace-nodes	src/client/styles/traceability.ts
dsh-pm-trace-path	src/client/styles/panel.ts
dsh-pm-trace-related	src/client/styles/traceability.ts
dsh-pm-trace-row	src/client/styles/traceability.ts
dsh-pm-trace-selected	src/client/styles/traceability.ts
dsh-pm-trace-table	src/client/styles/traceability.ts
dsh-pm-trace-tag	src/client/styles/traceability.ts
dsh-pm-trace-title	src/client/styles/panel.ts
dsh-pm-trace-to	src/client/styles/traceability.ts
dsh-pm-traceability-container	src/client/styles/traceability.ts
dsh-pm-traceability-empty	src/client/styles/traceability.ts
dsh-pm-traceability-graph	src/client/styles/traceability.ts
dsh-pm-traceability-matrix	src/client/styles/traceability.ts
dsh-pm-track	src/client/styles/detail.ts
dsh-pm-track-head	src/client/styles/detail.ts
dsh-pm-track-list	src/client/styles/detail.ts
dsh-pm-trow	src/client/styles/detail.ts
dsh-pm-trunk	src/client/styles/report.ts
dsh-pm-trunk-ach	src/client/styles/report.ts
dsh-pm-trunk-ach-list	src/client/styles/report.ts
dsh-pm-trunk-ach-path	src/client/styles/report.ts
dsh-pm-trunk-body	src/client/styles/report.ts
dsh-pm-trunk-docmeta	src/client/styles/report.ts
dsh-pm-trunk-head	src/client/styles/report.ts
dsh-pm-trunk-hl-group	src/client/styles/report.ts
dsh-pm-trunk-hl-h	src/client/styles/report.ts
dsh-pm-trunk-hl-unpay	src/client/styles/report.ts
dsh-pm-trunk-item	src/client/styles/report.ts
dsh-pm-trunk-line	src/client/styles/report.ts
dsh-pm-trunk-missing	src/client/styles/report.ts
dsh-pm-trunk-mut	src/client/styles/report.ts
dsh-pm-trunk-open	src/client/styles/report.ts
dsh-pm-trunk-openrefs	src/client/styles/report.ts
dsh-pm-trunk-scope-hint	src/client/styles/report.ts
dsh-pm-trunk-src	src/client/styles/report.ts
dsh-pm-trunk-sub	src/client/styles/report.ts
dsh-pm-trunk-title	src/client/styles/report.ts
dsh-pm-ttable	src/client/styles/detail.ts
dsh-pm-ttitle	src/client/styles/panel.ts
dsh-pm-verify-badge	src/client/styles/panel.ts
dsh-pm-verify-evidence	src/client/styles/panel.ts
dsh-pm-verify-head	src/client/styles/panel.ts
dsh-pm-verify-summary	src/client/styles/panel.ts
dsh-pm-verify-verdict	src/client/styles/report.ts
dsh-pm-view	src/client/styles/base.ts
dsh-pm-viewbtn	src/client/styles/files.ts
dsh-pm-viewswitch	src/client/styles/files.ts
dsh-pm-window	src/client/styles/base.ts
dsh-pm-window-chip	src/client/styles/panel.ts
