command	trigger	entry_id	source
pnpm build	发版前	kb-conventions-c-11	package.json:scripts
pnpm build:client	改动后	kb-conventions-c-12	package.json:scripts
pnpm kb:check	改动后	kb-conventions-c-13	package.json:scripts
pnpm test	提交前	kb-conventions-c-14	package.json:scripts
pnpm typecheck	改动后	kb-conventions-c-15	package.json:scripts
node scripts/inline-prompt-fragments.mjs	改动后	kb-conventions-c-16	EXTRA_ENTRIES
node scripts/check-prompt-fragments.mjs	改动后	kb-conventions-c-17	EXTRA_ENTRIES
npx tsx scripts/reverse-drill-matrix.mts	改动后	kb-conventions-c-20	EXTRA_ENTRIES
npx tsx scripts/reconcile-terminal-drill.mts	改动后	kb-conventions-c-21	EXTRA_ENTRIES
bash scripts/sync-to-github.sh	发版前	kb-conventions-c-18	EXTRA_ENTRIES
